{"products":[{"id":0,"sku":"150585","available":false,"retailer_sku":null,"name":"Йогурт Venn's Греческий обезжиренный 0,1% БЗМЖ 130 г","price":0.0,"original_price":0.0,"discount":0.0,"human_volume":"130 г","volume":130.0,"volume_type":"g","items_per_pack":1,"discount_ends_at":null,"price_type":null,"grams_per_unit":130,"unit_price":0.0,"original_unit_price":0.0,"promo_badge_ids":[],"score":0.0,"score_details":{"comment_count":null},"image_urls":["https://imgproxy.sbermarket.ru/imgproxy/width-auto/czM6Ly9jb250ZW50LWltYWdlcy1wcm9kL3Byb2R1Y3RzLzE1MDU4NS9vcmlnaW5hbC8xLzIwMjItMDgtMjNUMTUlM0EzNSUzQTA1LjQ3MTAwMCUyQjAwJTNBMDAvMTUwNTg1XzEuanBn.jpg"],"labels":[],"requirements":[],"canonical_url":"https://sbermarket.ru/products/150585-yogurt-venn-s-grecheskiy-obezzhirennyy-0-1-bzmzh-130-g-108858e","legacy_offer_id":0,"slug":"yogurt-venn-s-grecheskiy-obezzhirennyy-0-1-bzmzh-130-g-108858e","max_select_quantity":999,"vat_info":null,"bmpl_info":{}},{"id":402633,"sku":"835923","available":true,"retailer_sku":null,"name":"Йогурт Epica с кокосом и ванилью 6,3% БЗМЖ 130 г","price":55.99,"original_price":55.99,"discount":0.0,"human_volume":"130 г","volume":130.0,"volume_type":"g","items_per_pack":1,"discount_ends_at":null,"price_type":"per_item","grams_per_unit":130,"unit_price":55.99,"original_unit_price":55.99,"promo_badge_ids":[],"score":0.0,"score_details":{"comment_count":null},"image_urls":["https://imgproxy.sbermarket.ru/imgproxy/width-auto/czM6Ly9jb250ZW50LWltYWdlcy1wcm9kL3Byb2R1Y3RzLzgzNTkyMy9vcmlnaW5hbC8xLzIwMjItMDktMjlUMDclM0E0MSUzQTMwLjI4NjAwMCUyQjAwJTNBMDAvODM1OTIzXzEuanBn.jpg"],"labels":[],"requirements":[],"canonical_url":"https://sbermarket.ru/products/835923-yogurt-epica-s-kokosom-i-vanil-yu-6-3-bzmzh-130-g-233b054","legacy_offer_id":1730033850,"slug":"yogurt-epica-s-kokosom-i-vanil-yu-6-3-bzmzh-130-g-233b054","max_select_quantity":999,"vat_info":null,"bmpl_info":{}},{"id":958632,"sku":"19462249","available":true,"retailer_sku":null,"name":"Йогурт Активиа манго 3% 110 г","price":33.99,"original_price":33.99,"discount":0.0,"human_volume":"1 шт.","volume":1.0,"volume_type":"items","items_per_pack":1,"discount_ends_at":null,"price_type":"per_item","grams_per_unit":110,"unit_price":33.99,"original_unit_price":33.99,"promo_badge_ids":[],"score":0.0,"score_details":{"comment_count":null},"image_urls":["https://imgproxy.sbermarket.ru/imgproxy/width-auto/czM6Ly9jb250ZW50LWltYWdlcy1wcm9kL3Byb2R1Y3RzLzE5NDYyMjQ5L29yaWdpbmFsLzEvMjAyMi0wNS0wN1QxOCUzQTIwJTNBNTguNDI5MDAwJTJCMDAlM0EwMC8xOTQ2MjI0OV8xLmpwZw==.jpg","https://imgproxy.sbermarket.ru/imgproxy/width-auto/czM6Ly9jb250ZW50LWltYWdlcy1wcm9kL3Byb2R1Y3RzLzE5NDYyMjQ5L29yaWdpbmFsLzMvMjAyMi0wNS0wN1QxOCUzQTIwJTNBNTguNDk5MDAwJTJCMDAlM0EwMC8xOTQ2MjI0OV8zLmpwZw==.jpg","https://imgproxy.sbermarket.ru/imgproxy/width-auto/czM6Ly9jb250ZW50LWltYWdlcy1wcm9kL3Byb2R1Y3RzLzE5NDYyMjQ5L29yaWdpbmFsLzQvMjAyMi0wNS0wN1QxOCUzQTIwJTNBNTguODkzMDAwJTJCMDAlM0EwMC8xOTQ2MjI0OV80LmpwZw==.jpg","https://imgproxy.sbermarket.ru/imgproxy/width-auto/czM6Ly9jb250ZW50LWltYWdlcy1wcm9kL3Byb2R1Y3RzLzE5NDYyMjQ5L29yaWdpbmFsLzUvMjAyMi0wNS0wN1QxOCUzQTIwJTNBNTguNTcyMDAwJTJCMDAlM0EwMC8xOTQ2MjI0OV81LmpwZw==.jpg","https://imgproxy.sbermarket.ru/imgproxy/width-auto/czM6Ly9jb250ZW50LWltYWdlcy1wcm9kL3Byb2R1Y3RzLzE5NDYyMjQ5L29yaWdpbmFsLzYvMjAyMi0wNS0wN1QxOCUzQTIwJTNBNTguNzY3MDAwJTJCMDAlM0EwMC8xOTQ2MjI0OV82LmpwZw==.jpg","https://imgproxy.sbermarket.ru/imgproxy/width-auto/czM6Ly9jb250ZW50LWltYWdlcy1wcm9kL3Byb2R1Y3RzLzE5NDYyMjQ5L29yaWdpbmFsLzcvMjAyMi0wNS0wN1QxOCUzQTIwJTNBNTguNzYzMDAwJTJCMDAlM0EwMC8xOTQ2MjI0OV83LmpwZw==.jpg","https://imgproxy.sbermarket.ru/imgproxy/width-auto/czM6Ly9jb250ZW50LWltYWdlcy1wcm9kL3Byb2R1Y3RzLzE5NDYyMjQ5L29yaWdpbmFsLzgvMjAyMi0wNS0wN1QxOCUzQTIwJTNBNTguODU1MDAwJTJCMDAlM0EwMC8xOTQ2MjI0OV84LmpwZw==.jpg"],"labels":[],"requirements":[],"canonical_url":"https://sbermarket.ru/products/19462249-yogurt-aktivia-mango-3-110-g","legacy_offer_id":30083410160,"slug":"yogurt-aktivia-mango-3-110-g","max_select_quantity":999,"vat_info":null,"bmpl_info":{}},{"id":0,"sku":"30439","available":false,"retailer_sku":null,"name":"Йогурт Чудо клубника-земляника 2,5% БЗМЖ 290 г","price":0.0,"original_price":0.0,"discount":0.0,"human_volume":"290 г","volume":290.0,"volume_type":"g","items_per_pack":1,"discount_ends_at":null,"price_type":null,"grams_per_unit":290,"unit_price":0.0,"original_unit_price":0.0,"promo_badge_ids":[],"score":0.0,"score_details":{"comment_count":null},"image_urls":["https://imgproxy.sbermarket.ru/imgproxy/width-auto/czM6Ly9jb250ZW50LWltYWdlcy1wcm9kL3Byb2R1Y3RzLzMwNDM5L29yaWdpbmFsLzEvMjAyMi0wOC0yM1QxMiUzQTA1JTNBNTUuMzE4MDAwJTJCMDAlM0EwMC8zMDQzOV8xLmpwZw==.jpg","https://imgproxy.sbermarket.ru/imgproxy/width-auto/czM6Ly9jb250ZW50LWltYWdlcy1wcm9kL3Byb2R1Y3RzLzMwNDM5L29yaWdpbmFsLzIvMjAyMi0wOC0yM1QxNiUzQTM3JTNBMTMuNTQyMDAwJTJCMDAlM0EwMC8zMDQzOV8yLmpwZw==.jpg"],"labels":[],"requirements":[],"canonical_url":"https://sbermarket.ru/products/30439-yogurt-chudo-klubnika-zemlyanika-2-5-bzmzh-290-g","legacy_offer_id":0,"slug":"yogurt-chudo-klubnika-zemlyanika-2-5-bzmzh-290-g","max_select_quantity":999,"vat_info":null,"bmpl_info":{}},{"id":857335,"sku":"1139910","available":true,"retailer_sku":null,"name":"Йогурт Epica Crispy фисташки-семена подсолнечника-орехи-темный шоколад 10,5% БЗМЖ 140 г","price":74.9,"original_price":83.49,"discount":8.59,"human_volume":"140 г","volume":140.0,"volume_type":"g","items_per_pack":1,"discount_ends_at":"2022-11-16T00:00:00.000+03:00","price_type":"per_item","grams_per_unit":140,"unit_price":74.9,"original_unit_price":83.49,"promo_badge_ids":[],"score":0.0,"score_details":{"comment_count":null},"image_urls":["https://imgproxy.sbermarket.ru/imgproxy/width-auto/czM6Ly9jb250ZW50LWltYWdlcy1wcm9kL3Byb2R1Y3RzLzExMzk5MTAvb3JpZ2luYWwvMS8yMDIyLTA5LTIxVDExJTNBNDYlM0E1OS4xMjcyNDMlMkIwMCUzQTAwLzExMzk5MTBfMS5qcGc=.jpg"],"labels":[],"requirements":[],"canonical_url":"https://sbermarket.ru/products/1139910-yogurt-epica-crispy-fistashki-semena-podsolnechnika-orehi-temnyy-shokolad-10-5-bzmzh-140-g","legacy_offer_id":1730036951,"slug":"yogurt-epica-crispy-fistashki-semena-podsolnechnika-orehi-temnyy-shokolad-10-5-bzmzh-140-g","max_select_quantity":999,"vat_info":null,"bmpl_info":{}},{"id":833810,"sku":"1657201","available":true,"retailer_sku":null,"name":"Био-йогурт BioMax мюсли-вишня-клюква 2,9% БЗМЖ 106 г","price":72.99,"original_price":72.99,"discount":0.0,"human_volume":"1 шт.","volume":1.0,"volume_type":"items","items_per_pack":1,"discount_ends_at":null,"price_type":"per_item","grams_per_unit":106,"unit_price":72.99,"original_unit_price":72.99,"promo_badge_ids":[],"score":0.0,"score_details":{"comment_count":null},"image_urls":["https://imgproxy.sbermarket.ru/imgproxy/width-auto/czM6Ly9jb250ZW50LWltYWdlcy1wcm9kL3Byb2R1Y3RzLzE2NTcyMDEvb3JpZ2luYWwvMS8yMDIyLTAxLTIwVDE3JTNBMDIlM0EyNi42NjIwMDAlMkIwMCUzQTAwLzE2NTcyMDFfMS5qcGc=.jpg","https://imgproxy.sbermarket.ru/imgproxy/width-auto/czM6Ly9jb250ZW50LWltYWdlcy1wcm9kL3Byb2R1Y3RzLzE2NTcyMDEvb3JpZ2luYWwvNC8yMDIxLTA1LTEzVDE4JTNBMjglM0EwOC43OTUwMDAlMkIwMCUzQTAwLzE2NTcyMDFfNC5qcGc=.jpg"],"labels":[],"requirements":[],"canonical_url":"https://sbermarket.ru/products/1657201-bio-yogurt-biomax-myusli-vishnya-klyukva-2-9-bzmzh-106-g-fe5baea","legacy_offer_id":18583764183,"slug":"bio-yogurt-biomax-myusli-vishnya-klyukva-2-9-bzmzh-106-g-fe5baea","max_select_quantity":999,"vat_info":null,"bmpl_info":{}},{"id":897557,"sku":"15922320","available":true,"retailer_sku":null,"name":"Йогурт Epos с вишней 2,5% БЗМЖ 120 г","price":23.49,"original_price":23.49,"discount":0.0,"human_volume":"120 г","volume":120.0,"volume_type":"g","items_per_pack":1,"discount_ends_at":null,"price_type":"per_item","grams_per_unit":120,"unit_price":23.49,"original_unit_price":23.49,"promo_badge_ids":[],"score":0.0,"score_details":{"comment_count":null},"image_urls":["https://imgproxy.sbermarket.ru/imgproxy/width-auto/czM6Ly9jb250ZW50LWltYWdlcy1wcm9kL3Byb2R1Y3RzLzE1OTIyMzIwL29yaWdpbmFsLzEvMjAyMi0wOS0yOFQxNiUzQTE3JTNBMDAuODAyMDAwJTJCMDAlM0EwMC8xNTkyMjMyMF8xLmpwZw==.jpg"],"labels":[],"requirements":[],"canonical_url":"https://sbermarket.ru/products/15922320-yogurt-epos-s-vishney-2-5-bzmzh-120-g-9f4a97b","legacy_offer_id":28833340159,"slug":"yogurt-epos-s-vishney-2-5-bzmzh-120-g-9f4a97b","max_select_quantity":999,"vat_info":null,"bmpl_info":{}},{"id":272082,"sku":"234149","available":true,"retailer_sku":null,"name":"Биойогурт ЭкоНива клубника-банан 2,8% БЗМЖ 125 г","price":41.99,"original_price":41.99,"discount":0.0,"human_volume":"125 г","volume":125.0,"volume_type":"g","items_per_pack":1,"discount_ends_at":null,"price_type":"per_item","grams_per_unit":125,"unit_price":41.99,"original_unit_price":41.99,"promo_badge_ids":[],"score":0.0,"score_details":{"comment_count":null},"image_urls":["https://imgproxy.sbermarket.ru/imgproxy/width-auto/czM6Ly9jb250ZW50LWltYWdlcy1wcm9kL3Byb2R1Y3RzLzIzNDE0OS9vcmlnaW5hbC8xLzIwMjItMTAtMThUMTElM0E1OSUzQTU4LjcxNjAwMCUyQjAwJTNBMDAvMjM0MTQ5XzEuanBn.jpg","https://imgproxy.sbermarket.ru/imgproxy/width-auto/czM6Ly9jb250ZW50LWltYWdlcy1wcm9kL3Byb2R1Y3RzLzIzNDE0OS9vcmlnaW5hbC8yLzIwMjItMTAtMThUMTIlM0EwMCUzQTAxLjEwMzAwMCUyQjAwJTNBMDAvMjM0MTQ5XzIuanBn.jpg","https://imgproxy.sbermarket.ru/imgproxy/width-auto/czM6Ly9jb250ZW50LWltYWdlcy1wcm9kL3Byb2R1Y3RzLzIzNDE0OS9vcmlnaW5hbC8zLzIwMjItMTAtMThUMTIlM0EwMCUzQTAwLjExNDAwMCUyQjAwJTNBMDAvMjM0MTQ5XzMuanBn.jpg","https://imgproxy.sbermarket.ru/imgproxy/width-auto/czM6Ly9jb250ZW50LWltYWdlcy1wcm9kL3Byb2R1Y3RzLzIzNDE0OS9vcmlnaW5hbC80LzIwMjItMTAtMThUMTElM0E1OSUzQTU3LjgzNjAwMCUyQjAwJTNBMDAvMjM0MTQ5XzQuanBn.jpg"],"labels":[],"requirements":[],"canonical_url":"https://sbermarket.ru/products/234149-bioyogurt-ekoniva-klubnika-banan-2-8-bzmzh-125-g-3a10646","legacy_offer_id":3016410372,"slug":"bioyogurt-ekoniva-klubnika-banan-2-8-bzmzh-125-g-3a10646","max_select_quantity":999,"vat_info":null,"bmpl_info":{}},{"id":853808,"sku":"260283","available":true,"retailer_sku":null,"name":"Йогурт Киржачский Молочный Завод двухслойный груша-карамель 2,5% БЗМЖ 315 г","price":84.99,"original_price":84.99,"discount":0.0,"human_volume":"315 г","volume":315.0,"volume_type":"g","items_per_pack":1,"discount_ends_at":null,"price_type":"per_item","grams_per_unit":315,"unit_price":84.99,"original_unit_price":84.99,"promo_badge_ids":[],"score":0.0,"score_details":{"comment_count":null},"image_urls":["https://imgproxy.sbermarket.ru/imgproxy/width-auto/czM6Ly9jb250ZW50LWltYWdlcy1wcm9kL3Byb2R1Y3RzLzI2MDI4My9vcmlnaW5hbC8xLzIwMjEtMDMtMTZUMjIlM0EzMCUzQTI5Ljg1MDAwMCUyQjAwJTNBMDAvMjYwMjgzXzEuanBn.jpg"],"labels":[],"requirements":[],"canonical_url":"https://sbermarket.ru/products/260283-yogurt-kirzhachskiy-molochnyy-zavod-dvuhsloynyy-grusha-karamel-2-5-bzmzh-315-g-d2d5754","legacy_offer_id":29701837169,"slug":"yogurt-kirzhachskiy-molochnyy-zavod-dvuhsloynyy-grusha-karamel-2-5-bzmzh-315-g-d2d5754","max_select_quantity":999,"vat_info":null,"bmpl_info":{}},{"id":852633,"sku":"15538585","available":true,"retailer_sku":null,"name":"Питьевой йогурт Epica манго 2,5% БЗМЖ 260 г","price":54.9,"original_price":67.99,"discount":13.09,"human_volume":"260 г","volume":260.0,"volume_type":"g","items_per_pack":1,"discount_ends_at":"2022-11-16T00:00:00.000+03:00","price_type":"per_item","grams_per_unit":260,"unit_price":54.9,"original_unit_price":67.99,"promo_badge_ids":[],"score":0.0,"score_details":{"comment_count":null},"image_urls":["https://imgproxy.sbermarket.ru/imgproxy/width-auto/czM6Ly9jb250ZW50LWltYWdlcy1wcm9kL3Byb2R1Y3RzLzE1NTM4NTg1L29yaWdpbmFsLzEvMjAyMi0wOS0yMVQxMSUzQTQ3JTNBMDEuNjE2NjQyJTJCMDAlM0EwMC8xNTUzODU4NV8xLmpwZw==.jpg"],"labels":[],"requirements":[],"canonical_url":"https://sbermarket.ru/products/15538585-pitievoy-yogurt-epica-mango-2-5-bzmzh-260-g-7f3d157","legacy_offer_id":28518165215,"slug":"pitievoy-yogurt-epica-mango-2-5-bzmzh-260-g-7f3d157","max_select_quantity":999,"vat_info":null,"bmpl_info":{}},{"id":279902,"sku":"44606","available":true,"retailer_sku":null,"name":"Йогурт Залесский фермер натуральный крыжовник 3,5% 130 г","price":35.99,"original_price":35.99,"discount":0.0,"human_volume":"130 г","volume":130.0,"volume_type":"g","items_per_pack":1,"discount_ends_at":null,"price_type":"per_item","grams_per_unit":130,"unit_price":35.99,"original_unit_price":35.99,"promo_badge_ids":[],"score":0.0,"score_details":{"comment_count":null},"image_urls":["https://imgproxy.sbermarket.ru/imgproxy/width-auto/czM6Ly9jb250ZW50LWltYWdlcy1wcm9kL3Byb2R1Y3RzLzQ0NjA2L29yaWdpbmFsLzEvMjAyMi0wOC0yM1QxNyUzQTA2JTNBNTIuNDkzMDAwJTJCMDAlM0EwMC80NDYwNl8xLmpwZw==.jpg"],"labels":[],"requirements":[],"canonical_url":"https://sbermarket.ru/products/44606-yogurt-zalesskiy-fermer-natural-nyy-kryzhovnik-3-5-130-g","legacy_offer_id":4816587110,"slug":"yogurt-zalesskiy-fermer-natural-nyy-kryzhovnik-3-5-130-g","max_select_quantity":999,"vat_info":null,"bmpl_info":{}},{"id":273346,"sku":"52078","available":true,"retailer_sku":null,"name":"Йогурт Савушкин Teos Греческий вишня 2% БЗМЖ 140 г","price":56.99,"original_price":56.99,"discount":0.0,"human_volume":"140 г","volume":140.0,"volume_type":"g","items_per_pack":1,"discount_ends_at":null,"price_type":"per_item","grams_per_unit":140,"unit_price":56.99,"original_unit_price":56.99,"promo_badge_ids":[],"score":0.0,"score_details":{"comment_count":null},"image_urls":["https://imgproxy.sbermarket.ru/imgproxy/width-auto/czM6Ly9jb250ZW50LWltYWdlcy1wcm9kL3Byb2R1Y3RzLzUyMDc4L29yaWdpbmFsLzEvMjAyMi0wOC0yM1QwMCUzQTQxJTNBMDIuMzc3MDAwJTJCMDAlM0EwMC81MjA3OF8xLmpwZw==.jpg"],"labels":[],"requirements":[],"canonical_url":"https://sbermarket.ru/products/52078-yogurt-savushkin-teos-grecheskiy-vishnya-2-bzmzh-140-g","legacy_offer_id":1846076154,"slug":"yogurt-savushkin-teos-grecheskiy-vishnya-2-bzmzh-140-g","max_select_quantity":999,"vat_info":null,"bmpl_info":{}},{"id":750419,"sku":"52079","available":true,"retailer_sku":null,"name":"Йогурт Савушкин Teos Греческий клубника 2% БЗМЖ 140 г","price":56.99,"original_price":56.99,"discount":0.0,"human_volume":"140 г","volume":140.0,"volume_type":"g","items_per_pack":1,"discount_ends_at":null,"price_type":"per_item","grams_per_unit":140,"unit_price":56.99,"original_unit_price":56.99,"promo_badge_ids":[],"score":0.0,"score_details":{"comment_count":null},"image_urls":["https://imgproxy.sbermarket.ru/imgproxy/width-auto/czM6Ly9jb250ZW50LWltYWdlcy1wcm9kL3Byb2R1Y3RzLzUyMDc5L29yaWdpbmFsLzEvMjAyMi0wOC0yMlQyMiUzQTM2JTNBMDguNzEyMDAwJTJCMDAlM0EwMC81MjA3OV8xLmpwZw==.jpg"],"labels":[],"requirements":[],"canonical_url":"https://sbermarket.ru/products/52079-yogurt-savushkin-teos-grecheskiy-klubnika-2-bzmzh-140-g","legacy_offer_id":4784208825,"slug":"yogurt-savushkin-teos-grecheskiy-klubnika-2-bzmzh-140-g","max_select_quantity":999,"vat_info":null,"bmpl_info":{}},{"id":42864,"sku":"67204","available":true,"retailer_sku":null,"name":"Йогурт Савушкин с бифидобактериями двухслойный вишня-черная смородина 2% 120 г","price":32.99,"original_price":32.99,"discount":0.0,"human_volume":"120 г","volume":120.0,"volume_type":"g","items_per_pack":1,"discount_ends_at":null,"price_type":"per_item","grams_per_unit":120,"unit_price":32.99,"original_unit_price":32.99,"promo_badge_ids":[],"score":0.0,"score_details":{"comment_count":null},"image_urls":["https://imgproxy.sbermarket.ru/imgproxy/width-auto/czM6Ly9jb250ZW50LWltYWdlcy1wcm9kL3Byb2R1Y3RzLzY3MjA0L29yaWdpbmFsLzEvMjAyMi0wMi0xMlQwMSUzQTU3JTNBMDIuMDUzMDAwJTJCMDAlM0EwMC82NzIwNF8xLmpwZw==.jpg"],"labels":[],"requirements":[],"canonical_url":"https://sbermarket.ru/products/67204-yogurt-savushkin-s-bifidobakteriyami-dvuhsloynyy-vishnya-chernaya-smorodina-2-120-g-c41143e","legacy_offer_id":1730035736,"slug":"yogurt-savushkin-s-bifidobakteriyami-dvuhsloynyy-vishnya-chernaya-smorodina-2-120-g-c41143e","max_select_quantity":999,"vat_info":null,"bmpl_info":{}},{"id":0,"sku":"104686","available":false,"retailer_sku":null,"name":"Йогурт Фругурт вишня 2,5% 250 г","price":0.0,"original_price":0.0,"discount":0.0,"human_volume":"250 г","volume":250.0,"volume_type":"g","items_per_pack":1,"discount_ends_at":null,"price_type":null,"grams_per_unit":250,"unit_price":0.0,"original_unit_price":0.0,"promo_badge_ids":[],"score":0.0,"score_details":{"comment_count":null},"image_urls":["https://imgproxy.sbermarket.ru/imgproxy/width-auto/czM6Ly9jb250ZW50LWltYWdlcy1wcm9kL3Byb2R1Y3RzLzEwNDY4Ni9vcmlnaW5hbC8xLzIwMjItMTAtMTVUMDclM0E0MCUzQTI0LjIzMDAwMCUyQjAwJTNBMDAvMTA0Njg2XzEuanBn.jpg","https://imgproxy.sbermarket.ru/imgproxy/width-auto/czM6Ly9jb250ZW50LWltYWdlcy1wcm9kL3Byb2R1Y3RzLzEwNDY4Ni9vcmlnaW5hbC8yLzIwMjItMDgtMjJUMTElM0E0OSUzQTI2LjEzODAwMCUyQjAwJTNBMDAvMTA0Njg2XzIuanBn.jpg","https://imgproxy.sbermarket.ru/imgproxy/width-auto/czM6Ly9jb250ZW50LWltYWdlcy1wcm9kL3Byb2R1Y3RzLzEwNDY4Ni9vcmlnaW5hbC8zLzIwMjItMTAtMTVUMDclM0E0MCUzQTI1LjA0NTAwMCUyQjAwJTNBMDAvMTA0Njg2XzMuanBn.jpg"],"labels":[],"requirements":[],"canonical_url":"https://sbermarket.ru/products/104686-yogurt-frugurt-vishnya-2-5-250-g-a3536b0","legacy_offer_id":0,"slug":"yogurt-frugurt-vishnya-2-5-250-g-a3536b0","max_select_quantity":999,"vat_info":null,"bmpl_info":{}},{"id":673843,"sku":"106387","available":true,"retailer_sku":null,"name":"Йогурт детский Растишка малина-банан с 3 лет 3% БЗМЖ 110 г","price":30.99,"original_price":30.99,"discount":0.0,"human_volume":"110 г","volume":110.0,"volume_type":"g","items_per_pack":1,"discount_ends_at":null,"price_type":"per_item","grams_per_unit":110,"unit_price":30.99,"original_unit_price":30.99,"promo_badge_ids":[],"score":0.0,"score_details":{"comment_count":null},"image_urls":["https://imgproxy.sbermarket.ru/imgproxy/width-auto/czM6Ly9jb250ZW50LWltYWdlcy1wcm9kL3Byb2R1Y3RzLzEwNjM4Ny9vcmlnaW5hbC8xLzIwMjItMDktMDFUMDglM0E1MiUzQTU1Ljc2NDAwMCUyQjAwJTNBMDAvMTA2Mzg3XzEuanBn.jpg","https://imgproxy.sbermarket.ru/imgproxy/width-auto/czM6Ly9jb250ZW50LWltYWdlcy1wcm9kL3Byb2R1Y3RzLzEwNjM4Ny9vcmlnaW5hbC8yLzIwMjItMDktMDFUMDglM0E1MiUzQTU0LjE3OTAwMCUyQjAwJTNBMDAvMTA2Mzg3XzIuanBn.jpg"],"labels":[],"requirements":[],"canonical_url":"https://sbermarket.ru/products/106387-yogurt-detskiy-rastishka-malina-banan-s-3-let-3-bzmzh-110-g-36108e1","legacy_offer_id":1730037139,"slug":"yogurt-detskiy-rastishka-malina-banan-s-3-let-3-bzmzh-110-g-36108e1","max_select_quantity":999,"vat_info":null,"bmpl_info":{}},{"id":935685,"sku":"119337","available":true,"retailer_sku":null,"name":"Йогурт Danone Натуральный термостатный 1,5% БЗМЖ 160 г","price":49.99,"original_price":49.99,"discount":0.0,"human_volume":"160 г","volume":160.0,"volume_type":"g","items_per_pack":1,"discount_ends_at":null,"price_type":"per_item","grams_per_unit":160,"unit_price":49.99,"original_unit_price":49.99,"promo_badge_ids":[],"score":0.0,"score_details":{"comment_count":null},"image_urls":["https://imgproxy.sbermarket.ru/imgproxy/width-auto/czM6Ly9jb250ZW50LWltYWdlcy1wcm9kL3Byb2R1Y3RzLzExOTMzNy9vcmlnaW5hbC8xLzIwMjItMDktMDFUMDglM0E1MiUzQTU3LjM4MDAwMCUyQjAwJTNBMDAvMTE5MzM3XzEuanBn.jpg","https://imgproxy.sbermarket.ru/imgproxy/width-auto/czM6Ly9jb250ZW50LWltYWdlcy1wcm9kL3Byb2R1Y3RzLzExOTMzNy9vcmlnaW5hbC8yLzIwMjItMDUtMjZUMDIlM0EzNyUzQTUyLjY3MjAwMCUyQjAwJTNBMDAvMTE5MzM3XzIuanBn.jpg"],"labels":[],"requirements":[],"canonical_url":"https://sbermarket.ru/products/119337-yogurt-danone-natural-nyy-termostatnyy-1-5-bzmzh-160-g","legacy_offer_id":1730036936,"slug":"yogurt-danone-natural-nyy-termostatnyy-1-5-bzmzh-160-g","max_select_quantity":999,"vat_info":null,"bmpl_info":{}},{"id":0,"sku":"197827","available":false,"retailer_sku":null,"name":"Йогурт Савушкин клубника 2% БЗМЖ 120 г","price":0.0,"original_price":0.0,"discount":0.0,"human_volume":"120 г","volume":120.0,"volume_type":"g","items_per_pack":1,"discount_ends_at":null,"price_type":null,"grams_per_unit":120,"unit_price":0.0,"original_unit_price":0.0,"promo_badge_ids":[],"score":0.0,"score_details":{"comment_count":null},"image_urls":["https://imgproxy.sbermarket.ru/imgproxy/width-auto/czM6Ly9jb250ZW50LWltYWdlcy1wcm9kL3Byb2R1Y3RzLzE5NzgyNy9vcmlnaW5hbC8xLzIwMjItMDgtMjJUMTklM0E0NCUzQTExLjU3MzAwMCUyQjAwJTNBMDAvMTk3ODI3XzEuanBn.jpg","https://imgproxy.sbermarket.ru/imgproxy/width-auto/czM6Ly9jb250ZW50LWltYWdlcy1wcm9kL3Byb2R1Y3RzLzE5NzgyNy9vcmlnaW5hbC8yLzIwMjEtMTItMjBUMDQlM0E1OSUzQTQ4LjQyMDAwMCUyQjAwJTNBMDAvMTk3ODI3XzIuanBn.jpg","https://imgproxy.sbermarket.ru/imgproxy/width-auto/czM6Ly9jb250ZW50LWltYWdlcy1wcm9kL3Byb2R1Y3RzLzE5NzgyNy9vcmlnaW5hbC8zLzIwMjEtMTItMjBUMDQlM0E1OSUzQTQ4LjYyNTAwMCUyQjAwJTNBMDAvMTk3ODI3XzMuanBn.jpg"],"labels":[],"requirements":[],"canonical_url":"https://sbermarket.ru/products/197827-yogurt-savushkin-klubnika-2-bzmzh-120-g-1f3b474","legacy_offer_id":0,"slug":"yogurt-savushkin-klubnika-2-bzmzh-120-g-1f3b474","max_select_quantity":999,"vat_info":null,"bmpl_info":{}},{"id":958662,"sku":"19462256","available":true,"retailer_sku":null,"name":"Йогурт Активиа малина 3% 110 г","price":33.99,"original_price":33.99,"discount":0.0,"human_volume":"1 шт.","volume":1.0,"volume_type":"items","items_per_pack":1,"discount_ends_at":null,"price_type":"per_item","grams_per_unit":110,"unit_price":33.99,"original_unit_price":33.99,"promo_badge_ids":[],"score":0.0,"score_details":{"comment_count":null},"image_urls":["https://imgproxy.sbermarket.ru/imgproxy/width-auto/czM6Ly9jb250ZW50LWltYWdlcy1wcm9kL3Byb2R1Y3RzLzE5NDYyMjU2L29yaWdpbmFsLzEvMjAyMi0wNS0wN1QxOCUzQTIwJTNBNTkuNTUwMDAwJTJCMDAlM0EwMC8xOTQ2MjI1Nl8xLmpwZw==.jpg","https://imgproxy.sbermarket.ru/imgproxy/width-auto/czM6Ly9jb250ZW50LWltYWdlcy1wcm9kL3Byb2R1Y3RzLzE5NDYyMjU2L29yaWdpbmFsLzMvMjAyMi0wNS0wN1QxOCUzQTIwJTNBNTkuNDQ3MDAwJTJCMDAlM0EwMC8xOTQ2MjI1Nl8zLmpwZw==.jpg","https://imgproxy.sbermarket.ru/imgproxy/width-auto/czM6Ly9jb250ZW50LWltYWdlcy1wcm9kL3Byb2R1Y3RzLzE5NDYyMjU2L29yaWdpbmFsLzQvMjAyMi0wNS0wN1QxOCUzQTIwJTNBNTkuNTM1MDAwJTJCMDAlM0EwMC8xOTQ2MjI1Nl80LmpwZw==.jpg"],"labels":[],"requirements":[],"canonical_url":"https://sbermarket.ru/products/19462256-yogurt-aktivia-malina-3-110-g","legacy_offer_id":30083410167,"slug":"yogurt-aktivia-malina-3-110-g","max_select_quantity":999,"vat_info":null,"bmpl_info":{}},{"id":0,"sku":"24979","available":false,"retailer_sku":null,"name":"Йогуртный продукт Нежный с соком клубники 1,2% БЗМЖ 100 г","price":0.0,"original_price":0.0,"discount":0.0,"human_volume":"100 г","volume":100.0,"volume_type":"g","items_per_pack":1,"discount_ends_at":null,"price_type":null,"grams_per_unit":100,"unit_price":0.0,"original_unit_price":0.0,"promo_badge_ids":[],"score":0.0,"score_details":{"comment_count":null},"image_urls":["https://imgproxy.sbermarket.ru/imgproxy/width-auto/czM6Ly9jb250ZW50LWltYWdlcy1wcm9kL3Byb2R1Y3RzLzI0OTc5L29yaWdpbmFsLzEvMjAyMi0wOC0yMlQyMSUzQTQxJTNBNTkuMDA0MDAwJTJCMDAlM0EwMC8yNDk3OV8xLmpwZw==.jpg","https://imgproxy.sbermarket.ru/imgproxy/width-auto/czM6Ly9jb250ZW50LWltYWdlcy1wcm9kL3Byb2R1Y3RzLzI0OTc5L29yaWdpbmFsLzIvMjAyMi0wNC0wN1QxOCUzQTIyJTNBNTkuMDEwMDAwJTJCMDAlM0EwMC8yNDk3OV8yLmpwZw==.jpg"],"labels":[],"requirements":[],"canonical_url":"https://sbermarket.ru/products/24979-yogurtnyy-produkt-nezhnyy-s-sokom-klubniki-1-2-bzmzh-100-g-c6afb82","legacy_offer_id":0,"slug":"yogurtnyy-produkt-nezhnyy-s-sokom-klubniki-1-2-bzmzh-100-g-c6afb82","max_select_quantity":999,"vat_info":null,"bmpl_info":{}}],"meta":{"current_page":2,"next_page":3,"previous_page":1,"total_pages":14,"per_page":20,"total_count":278},"pagination_meta":{"current_page":2,"next_page":3,"previous_page":1,"total_pages":14,"per_page":20,"total_count":278},"facets":[{"key":"discounted","name":"Товары со скидкой","type":"toggle","options":[{"value":1,"count":46,"active":false,"name":null,"permalink":null}]},{"key":"brand","name":"Бренд","type":"multi_select","options":[{"value":3803,"count":24,"active":false,"name":"Epica","permalink":"epica"},{"value":21988,"count":20,"active":false,"name":"Чудо","permalink":"chudo"},{"value":12630,"count":18,"active":false,"name":"Активиа","permalink":"aktivia--2"},{"value":19156,"count":14,"active":false,"name":"Растишка","permalink":"rastishka"},{"value":4510,"count":14,"active":false,"name":"Fruttis","permalink":"fruttis"},{"value":17528,"count":12,"active":false,"name":"Молочная Культура","permalink":"molochnaya-kultura"},{"value":20259,"count":11,"active":false,"name":"Слобода","permalink":"sloboda"},{"value":14479,"count":10,"active":false,"name":"Даниссимо","permalink":"danissimo"},{"value":350,"count":10,"active":false,"name":"Alpenland","permalink":"alpenland"},{"value":21496,"count":9,"active":false,"name":"Фруате","permalink":"fruate"},{"value":22196,"count":9,"active":false,"name":"ЭкоНива","permalink":"ekoniva"},{"value":11653,"count":8,"active":false,"name":"Valio","permalink":"valio"},{"value":18004,"count":8,"active":false,"name":"Нежный","permalink":"nezhnyy"},{"value":19601,"count":8,"active":false,"name":"Савушкин","permalink":"savushkin"},{"value":14234,"count":7,"active":false,"name":"Гек","permalink":"gek"},{"value":8724,"count":7,"active":false,"name":"Parmalat","permalink":"parmalat"},{"value":22303,"count":6,"active":false,"name":"Эрмигурт","permalink":"ermigurt"},{"value":25851,"count":6,"active":false,"name":"Каждый День","permalink":"kazhdyy-den-114b860"},{"value":11746,"count":5,"active":false,"name":"Venn's","permalink":"venn-s"},{"value":15972,"count":5,"active":false,"name":"Киржачский Молочный Завод","permalink":"kirzhachskiy-molochnyy-zavod"},{"value":18599,"count":5,"active":false,"name":"Пестравка","permalink":"pestravka"},{"value":2940,"count":5,"active":false,"name":"Danone","permalink":"danone"},{"value":12512,"count":4,"active":false,"name":"Агуша","permalink":"agusha"},{"value":15215,"count":4,"active":false,"name":"Залесский фермер","permalink":"zalesskiy-fermer"},{"value":17054,"count":4,"active":false,"name":"Мама Лама","permalink":"mama-lama"},{"value":32610,"count":4,"active":false,"name":"Свежее Завтра","permalink":"svezhee-zavtra-adbfe80"},{"value":1383,"count":3,"active":false,"name":"BioMax","permalink":"biomax"},{"value":16025,"count":3,"active":false,"name":"КМЗ","permalink":"kmz"},{"value":19826,"count":3,"active":false,"name":"Северная Долина","permalink":"severnaya-dolina"},{"value":20883,"count":3,"active":false,"name":"Тема","permalink":"tema"},{"value":21989,"count":3,"active":false,"name":"Чудо Детки","permalink":"chudo-detki"},{"value":11117,"count":2,"active":false,"name":"Teos","permalink":"teos"},{"value":12943,"count":2,"active":false,"name":"Асеньевская Ферма","permalink":"asenievskaya-ferma"},{"value":13173,"count":2,"active":false,"name":"Без бренда","permalink":"bez-brenda"},{"value":1365,"count":2,"active":false,"name":"Bio Баланс","permalink":"bio-balans-0973b597-3c33-43e4-9871-d47c97915488"},{"value":19334,"count":2,"active":false,"name":"Ростагроэкспорт","permalink":"rostagroeksport"},{"value":21497,"count":2,"active":false,"name":"Фругурт","permalink":"frugurt"},{"value":21685,"count":2,"active":false,"name":"Хозяйство Васильевой А.В.","permalink":"hozyaystvo-vasilievoy-a-v"},{"value":22192,"count":2,"active":false,"name":"Экомилк","permalink":"ekomilk"},{"value":6512,"count":2,"active":false,"name":"Lactica","permalink":"lactica"},{"value":12481,"count":1,"active":false,"name":"Агрокомплекс","permalink":"agrokompleks"},{"value":14220,"count":1,"active":false,"name":"Гармония","permalink":"garmoniya"},{"value":16194,"count":1,"active":false,"name":"Коровка из Кореновки","permalink":"korovka-iz-korenovki"},{"value":16955,"count":1,"active":false,"name":"Любони","permalink":"lyuboni"},{"value":21538,"count":1,"active":false,"name":"ФрутоНяня","permalink":"frutonyanya"},{"value":30170,"count":1,"active":false,"name":"Landliebe","permalink":"landliebe-37a440e"},{"value":3806,"count":1,"active":false,"name":"Epos","permalink":"epos"},{"value":53775,"count":1,"active":false,"name":"Liberty","permalink":"liberty"}]},{"key":"country","name":"Страна изготовления","type":"multi_select","options":[{"value":8285,"count":266,"active":false,"name":"Россия","permalink":"rossiya"},{"value":6689,"count":6,"active":false,"name":"Беларусь","permalink":"belarus"},{"value":6869,"count":5,"active":false,"name":"Германия","permalink":"germaniya"},{"value":7082,"count":1,"active":false,"name":"Франция","permalink":"frantsiya"}]},{"key":"site_category_filter_2550","name":"Тип йогурта","type":"multi_select","options":[{"value":8158,"count":185,"active":false,"name":"Ложковый","permalink":"lozhkovyy-8158"},{"value":8159,"count":93,"active":false,"name":"Питьевой","permalink":"pitievoy-8159"}]},{"key":"site_category_filter_11912","name":"Вкус","type":"multi_select","options":[{"value":77895,"count":18,"active":false,"name":"Без добавок","permalink":"bez-dobavok-77895"},{"value":77886,"count":13,"active":false,"name":"Абрикос","permalink":"abrikos-77886"},{"value":77883,"count":9,"active":false,"name":"Ананас","permalink":"ananas-77883"},{"value":77884,"count":15,"active":false,"name":"Банан","permalink":"banan-77884"},{"value":77889,"count":14,"active":false,"name":"Лесные ягоды","permalink":"lesnye-yagody-77889"},{"value":87749,"count":29,"active":false,"name":"Вишня","permalink":"vishnya-87749"},{"value":77877,"count":2,"active":false,"name":"Гранат","permalink":"granat-77877"},{"value":77885,"count":21,"active":false,"name":"Груша","permalink":"grusha-77885"},{"value":77897,"count":3,"active":false,"name":"Дыня","permalink":"dynya-77897"},{"value":77882,"count":13,"active":false,"name":"Земляника","permalink":"zemlyanika-77882"},{"value":77887,"count":7,"active":false,"name":"Злаки","permalink":"zlaki-77887"},{"value":77898,"count":3,"active":false,"name":"Инжир","permalink":"inzhir-77898"},{"value":77891,"count":11,"active":false,"name":"Киви","permalink":"kivi-77891"},{"value":77874,"count":62,"active":false,"name":"Клубника","permalink":"klubnika-77874"},{"value":77899,"count":3,"active":false,"name":"Кокос","permalink":"kokos-77899"},{"value":77879,"count":23,"active":false,"name":"Малина","permalink":"malina-77879"},{"value":77876,"count":20,"active":false,"name":"Манго","permalink":"mango-77876"},{"value":77881,"count":13,"active":false,"name":"Маракуйя","permalink":"marakuyya-77881"},{"value":77901,"count":3,"active":false,"name":"Мед","permalink":"med-77901"},{"value":77893,"count":5,"active":false,"name":"Миндаль","permalink":"mindal-77893"},{"value":77894,"count":4,"active":false,"name":"Мюсли","permalink":"myusli-77894"},{"value":87523,"count":5,"active":false,"name":"Орехи","permalink":"orehi-87523"},{"value":77875,"count":33,"active":false,"name":"Персик","permalink":"persik-77875"},{"value":77892,"count":2,"active":false,"name":"Семена льна","permalink":"semena-l-na-77892"},{"value":87524,"count":7,"active":false,"name":"Цитрусовые","permalink":"tsitrusovye-87524"},{"value":77890,"count":7,"active":false,"name":"Черешня","permalink":"chereshnya-77890"},{"value":77878,"count":21,"active":false,"name":"Черника","permalink":"chernika-77878"},{"value":77900,"count":1,"active":false,"name":"Чернослив","permalink":"chernosliv-77900"},{"value":77888,"count":1,"active":false,"name":"Чиа","permalink":"chia-77888"},{"value":77896,"count":5,"active":false,"name":"Шоколад","permalink":"shokolad-77896"},{"value":87525,"count":8,"active":false,"name":"Экзотические фрукты","permalink":"ekzoticheskie-frukty-87525"},{"value":77880,"count":23,"active":false,"name":"Яблоко","permalink":"yabloko-77880"},{"value":77903,"count":46,"active":false,"name":"Оригинальный","permalink":"original-nyy-77903"}]},{"key":"site_category_filter_10968","name":"Жирность, %","type":"multi_select","options":[{"value":69783,"count":54,"active":false,"name":"0 - 1,5","permalink":"0-1-5-69783"},{"value":69784,"count":130,"active":false,"name":"1,6 - 2,99","permalink":"1-6-2-99-69784"},{"value":69785,"count":55,"active":false,"name":"3 - 4,99","permalink":"3-4-99-69785"},{"value":69786,"count":32,"active":false,"name":"свыше 5","permalink":"svyshe-5-69786"}]},{"key":"site_category_filter_11936","name":"Вес, гр","type":"multi_select","options":[{"value":78068,"count":169,"active":false,"name":"0 - 200","permalink":"0-200-78068"},{"value":78070,"count":86,"active":false,"name":"201 - 500","permalink":"201-500-78070"},{"value":113864,"count":12,"active":false,"name":"501 - 1000","permalink":"501-1000-113864"}]},{"key":"site_category_filter_8207","name":"Особенности состава","type":"multi_select","options":[{"value":48863,"count":4,"active":false,"name":"Без лактозы","permalink":"bez-laktozy-48863"},{"value":48865,"count":165,"active":false,"name":"БЗМЖ","permalink":"bzmzh-48865"}]},{"key":"site_category_filter_11911","name":"Тип сырья","type":"multi_select","options":[{"value":77872,"count":278,"active":false,"name":"Коровье молоко","permalink":"korovie-moloko-77872"}]},{"key":"site_category_filter_2551","name":"Способ изготовления","type":"multi_select","options":[{"value":8160,"count":225,"active":false,"name":"Резервуарный","permalink":"rezervuarnyy-8160"},{"value":8161,"count":22,"active":false,"name":"Термостатный","permalink":"termostatnyy-8161"}]},{"key":"site_category_filter_8406","name":"Для детей","type":"multi_select","options":[{"value":50722,"count":80,"active":false,"name":"Да","permalink":"da-50722"}]}],"sort":[{"key":"popularity","name":"По популярности","order":"desc","active":true},{"key":"price_asc","name":"Сначала дешевые","order":"asc","active":false},{"key":"price_desc","name":"Сначала дорогие","order":"desc","active":false},{"key":"unit_price_asc","name":"Выгоднее по весу","order":"asc","active":false}],"root_categories":{"key":"root_category","name":"Категория","type":"select","options":[]},"promo_badges":[]}