[
{
    "model": "app.loadingtype",
    "pk": 1,
    "fields": {
        "short_name": "",
        "name": "верхняя"
    }
},
{
    "model": "app.loadingtype",
    "pk": 2,
    "fields": {
        "short_name": "",
        "name": "боковая"
    }
},
{
    "model": "app.loadingtype",
    "pk": 3,
    "fields": {
        "short_name": "",
        "name": "задняя"
    }
},
{
    "model": "app.loadingtype",
    "pk": 4,
    "fields": {
        "short_name": "",
        "name": "с полной растентовкой"
    }
},
{
    "model": "app.loadingtype",
    "pk": 5,
    "fields": {
        "short_name": "",
        "name": "со снятием поперечных перекладин"
    }
},
{
    "model": "app.loadingtype",
    "pk": 6,
    "fields": {
        "short_name": "",
        "name": "со снятием стоек"
    }
},
{
    "model": "app.loadingtype",
    "pk": 7,
    "fields": {
        "short_name": "",
        "name": "аппарели"
    }
},
{
    "model": "app.loadingtype",
    "pk": 8,
    "fields": {
        "short_name": "",
        "name": "с обрешеткой"
    }
},
{
    "model": "app.loadingtype",
    "pk": 9,
    "fields": {
        "short_name": "",
        "name": "с бортами"
    }
},
{
    "model": "app.loadingtype",
    "pk": 10,
    "fields": {
        "short_name": "",
        "name": "боковая с 2-х сторон"
    }
}
]
